{
  "version": 1,
  "author": "Anonymous maker",
  "editor": "wokwi",
  "parts": [
    {
      "type": "board-esp32-devkit-c-v4",
      "id": "esp",
      "top": -19.2,
      "left": -52.76,
      "attrs": { "builder": "esp-idf" }
    },
    {
      "type": "wokwi-led",
      "id": "led1",
      "top": 6,
      "left": -207.4,
      "attrs": { "color": "red", "flip": "" }
    },
    {
      "type": "wokwi-resistor",
      "id": "r1",
      "top": 120,
      "left": -221.35,
      "rotate": 90,
      "attrs": { "value": "1000" }
    },
    { "type": "wokwi-led", "id": "led2", "top": 6, "left": -159.4, "attrs": { "color": "green" } },
    {
      "type": "wokwi-resistor",
      "id": "r2",
      "top": 91.2,
      "left": -173.35,
      "rotate": 90,
      "attrs": { "value": "1000" }
    },
    { "type": "wokwi-led", "id": "led3", "top": 6, "left": -121, "attrs": { "color": "blue" } },
    {
      "type": "wokwi-resistor",
      "id": "r3",
      "top": 81.6,
      "left": -134.95,
      "rotate": 90,
      "attrs": { "value": "1000" }
    },
    {
      "type": "wokwi-pushbutton",
      "id": "btn1",
      "top": 83,
      "left": 172.8,
      "attrs": { "color": "green", "bounce": "1" }
    }
  ],
  "connections": [
    [ "esp:TX", "$serialMonitor:RX", "", [] ],
    [ "esp:RX", "$serialMonitor:TX", "", [] ],
    [ "esp:25", "led1:A", "red", [ "h-38.25", "v-28.8" ] ],
    [ "led1:C", "r1:1", "black", [ "v0" ] ],
    [ "r1:2", "esp:GND.1", "black", [ "h48", "v-20.4" ] ],
    [ "esp:26", "led2:A", "green", [ "h0" ] ],
    [ "led2:C", "r2:1", "green", [ "v0" ] ],
    [ "r2:2", "esp:GND.1", "black", [ "h48", "v8.4" ] ],
    [ "esp:27", "led3:A", "blue", [ "h0" ] ],
    [ "led3:C", "r3:1", "blue", [ "v0" ] ],
    [ "r3:2", "esp:GND.1", "black", [ "h28.8", "v18" ] ],
    [ "btn1:2.l", "esp:0", "green", [ "h-9.6", "v19.4" ] ],
    [ "esp:GND.2", "btn1:1.l", "black", [ "h105.6", "v86.4" ] ]
  ],
  "dependencies": {}
}